id,name,model_id:id,group_id:id,perm_read,perm_write,perm_create,perm_unlink
access_membership_membership_user,membership.membership user,model_membership_membership,association_membership.group_membership_viewer,1,0,0,0
access_membership_period_user,membership.period user,model_membership_period,association_membership.group_membership_viewer,1,0,0,0
access_membership_membership_manager,membership.membership manager,model_membership_membership,association_membership.group_membership_manager,1,1,1,1
access_membership_period_manager,membership.period manager,model_membership_period,association_membership.group_membership_manager,1,1,1,1
access_membership_cancel_wizard_manager,membership.cancel.wizard manager,model_membership_cancel_wizard,association_membership.group_membership_manager,1,1,1,1
access_membership_renewal_wizard_manager,membership.renewal.wizard manager,model_membership_renewal_wizard,association_membership.group_membership_manager,1,1,1,1
access_membership_renewal_wizard_line_manager,membership.renewal.wizard.line manager,model_membership_renewal_wizard_line,association_membership.group_membership_manager,1,1,1,1
access_membership_activate_wizard_manager,membership.activate.wizard manager,model_membership_activate_wizard,association_membership.group_membership_manager,1,1,1,1
access_res_config_settings_membership_manager,res.config.settings membership manager,base.model_res_config_settings,association_membership.group_membership_manager,1,1,1,0
